{
  "status": {
    "statusCode": "200",
    "statusMessage": "Success"
  },
  "result": {
    "data": [
      {
        "publisherId": "Woobi",
        "impressions_offered": "16391438"
      },
      {
        "publisherId": "Crazy4Media Spain",
        "impressions_offered": "12655149"
      },
      {
        "publisherId": "Playbuzz",
        "impressions_offered": "11812315"
      },
      {
        "publisherId": "DSNRMG",
        "impressions_offered": "10963610"
      },
      {
        "publisherId": "Adtention",
        "impressions_offered": "10405694"
      },
      {
        "publisherId": "Barons\\' Media",
        "impressions_offered": "2732230"
      },
      {
        "publisherId": "Integral Marketing",
        "impressions_offered": "2365320"
      },
      {
        "publisherId": "Mars Video",
        "impressions_offered": "1665216"
      },
      {
        "publisherId": "Media 122",
        "impressions_offered": "1541334"
      },
      {
        "publisherId": "Division D",
        "impressions_offered": "907670"
      },
      {
        "publisherId": "Cheetah Mobile",
        "impressions_offered": "544261"
      },
      {
        "publisherId": "Appodeal",
        "impressions_offered": "218591"
      },
      {
        "publisherId": "RF2 Mobile",
        "impressions_offered": "143507"
      },
      {
        "publisherId": "Crazy4Media SEA",
        "impressions_offered": "86222"
      },
      {
        "publisherId": "Revolution Mobile",
        "impressions_offered": "71431"
      },
      {
        "publisherId": "MORRUM CONSULTING CORP DOO",
        "impressions_offered": "70808"
      },
      {
        "publisherId": "Bluewaterads",
        "impressions_offered": "54509"
      },
      {
        "publisherId": "Cheetah Mobile- Orion",
        "impressions_offered": "34908"
      },
      {
        "publisherId": "Oak Lane Media",
        "impressions_offered": "27271"
      },
      {
        "publisherId": "clickky media",
        "impressions_offered": "23942"
      },
      {
        "publisherId": "BitTorent",
        "impressions_offered": "22515"
      },
      {
        "publisherId": "5mina.com",
        "impressions_offered": "20532"
      },
      {
        "publisherId": "Vidgyor Media Technologies Pvt. Ltd.",
        "impressions_offered": "13084"
      },
      {
        "publisherId": "New IT Solutions Ltd",
        "impressions_offered": "11740"
      },
      {
        "publisherId": "Pairade",
        "impressions_offered": "11700"
      },
      {
        "publisherId": "Yashi:10350",
        "impressions_offered": "5007"
      },
      {
        "publisherId": "Photobucket",
        "impressions_offered": "4732"
      },
      {
        "publisherId": "Tersertude",
        "impressions_offered": "3471"
      },
      {
        "publisherId": "JunGroup",
        "impressions_offered": "2827"
      },
      {
        "publisherId": "dingit.tv",
        "impressions_offered": "2492"
      },
      {
        "publisherId": "Taptica INC",
        "impressions_offered": "1992"
      },
      {
        "publisherId": "Lead2Class Pvt. Ltd.",
        "impressions_offered": "1200"
      },
      {
        "publisherId": "Vungle",
        "impressions_offered": "1080"
      },
      {
        "publisherId": "Mobpipe",
        "impressions_offered": "682"
      },
      {
        "publisherId": "Solve Media:10766",
        "impressions_offered": "651"
      },
      {
        "publisherId": "Dashbid",
        "impressions_offered": "496"
      },
      {
        "publisherId": "AirG",
        "impressions_offered": "467"
      },
      {
        "publisherId": "Telegraph Media",
        "impressions_offered": "440"
      },
      {
        "publisherId": "Jagran Prakashan Ltd.",
        "impressions_offered": "420"
      },
      {
        "publisherId": "TVZONE",
        "impressions_offered": "398"
      },
      {
        "publisherId": "M&M Media, Inc.:9300",
        "impressions_offered": "220"
      },
      {
        "publisherId": "Outfit7",
        "impressions_offered": "170"
      },
      {
        "publisherId": "Gramedia Group",
        "impressions_offered": "150"
      },
      {
        "publisherId": "Infospesial.net",
        "impressions_offered": "150"
      },
      {
        "publisherId": "Guchill",
        "impressions_offered": "130"
      },
      {
        "publisherId": "vdopia",
        "impressions_offered": "98"
      },
      {
        "publisherId": "SoftGames",
        "impressions_offered": "40"
      },
      {
        "publisherId": "WomensForum.com Inc.",
        "impressions_offered": "31"
      },
      {
        "publisherId": "Asianet News Network Pvt Ltd",
        "impressions_offered": "30"
      },
      {
        "publisherId": "PT. Tunas Bola",
        "impressions_offered": "10"
      }
    ]
  }
}
