{
  "status": {
    "statusCode": "200",
    "statusMessage": "Success"
  },
  "result": {
    "data": [
      {
        "appSiteId": "Playbuzz_MW_VPAID",
        "impressions_offered": "4437066"
      },
      {
        "appSiteId": "Playbuzz_MW_VAST",
        "impressions_offered": "4292448"
      },
      {
        "appSiteId": "Adtention_Verta_MW",
        "impressions_offered": "3602183"
      },
      {
        "appSiteId": "Adtention_MW_$4.25",
        "impressions_offered": "3179985"
      },
      {
        "appSiteId": "Woobi_Streamrail_APP_VAST_$4.5",
        "impressions_offered": "2328852"
      },
      {
        "appSiteId": "Woobi_APP_VPAID_Streamrail_$4.5",
        "impressions_offered": "2063511"
      },
      {
        "appSiteId": "Woobi_APP_VPAID_Streamrail_$5",
        "impressions_offered": "1878346"
      },
      {
        "appSiteId": "Woobi_APP_Streamrail_VPAID_$4",
        "impressions_offered": "1848150"
      },
      {
        "appSiteId": "Woobi_APP_Streamrail_VPAID_$3.5",
        "impressions_offered": "1844590"
      },
      {
        "appSiteId": "Woobi_APP_Streamrail_VPAID_$3.75",
        "impressions_offered": "1713794"
      },
      {
        "appSiteId": "BaronsMedia_Viewability_MW_$3.5",
        "impressions_offered": "1670344"
      },
      {
        "appSiteId": "Woobi_APP_VPAID_Streamrail_$3",
        "impressions_offered": "1543065"
      },
      {
        "appSiteId": "Playbuzz_MW_VPAID_320X480",
        "impressions_offered": "1513779"
      },
      {
        "appSiteId": "Playbuzz_MW_VAST_320X480",
        "impressions_offered": "1382904"
      },
      {
        "appSiteId": "Adtention_LKQD_VPAID_MW",
        "impressions_offered": "1354802"
      },
      {
        "appSiteId": "DSNRMG_New_APP_VAST_$3.5_2",
        "impressions_offered": "1241127"
      },
      {
        "appSiteId": "Adtention_Verta_InAPP",
        "impressions_offered": "957945"
      },
      {
        "appSiteId": "Integral_VPAID_APP_$2",
        "impressions_offered": "936252"
      },
      {
        "appSiteId": "Woobi_New_APP_VPAID_$3",
        "impressions_offered": "879451"
      },
      {
        "appSiteId": "Barons_Media_MW_VPAID_$3.5",
        "impressions_offered": "878686"
      },
      {
        "appSiteId": "Woobi_New_APP_VPAID_$4",
        "impressions_offered": "842101"
      },
      {
        "appSiteId": "DSNRMG_VPAID_MW_$4.5",
        "impressions_offered": "838771"
      },
      {
        "appSiteId": "Integral_VPAID_Cedato_APP_$3.5",
        "impressions_offered": "816601"
      },
      {
        "appSiteId": "Adtention_MW_VAST",
        "impressions_offered": "744735"
      },
      {
        "appSiteId": "DSNRMG_MW_VPAID_$4.5",
        "impressions_offered": "730962"
      },
      {
        "appSiteId": "Mars_MW_$4.5",
        "impressions_offered": "714410"
      },
      {
        "appSiteId": "StreamRail APP VAST [6]",
        "impressions_offered": "695678"
      },
      {
        "appSiteId": "Streamail APP SP [3.5]",
        "impressions_offered": "673569"
      },
      {
        "appSiteId": "StreamRail APP VAST [6.5]",
        "impressions_offered": "666235"
      },
      {
        "appSiteId": "StreamRail APP VAST [4]",
        "impressions_offered": "630977"
      },
      {
        "appSiteId": "StreamRail APP VAST [3.5]",
        "impressions_offered": "629432"
      },
      {
        "appSiteId": "StreamRail APP VAST [4.5]",
        "impressions_offered": "627537"
      },
      {
        "appSiteId": "Streamail APP SP [5]",
        "impressions_offered": "625728"
      },
      {
        "appSiteId": "DSNRMG_New_MW_VAST_$3.5_1",
        "impressions_offered": "621330"
      },
      {
        "appSiteId": "Integral_VPAID_APP_$2.5",
        "impressions_offered": "611796"
      },
      {
        "appSiteId": "StreamRail SET2 APP VAST [4]",
        "impressions_offered": "598434"
      },
      {
        "appSiteId": "StreamRail SET2 APP VAST [4.5]",
        "impressions_offered": "598015"
      },
      {
        "appSiteId": "StreamRail APP VAST [5.5]",
        "impressions_offered": "597901"
      },
      {
        "appSiteId": "StreamRail APP VAST [5]",
        "impressions_offered": "597542"
      },
      {
        "appSiteId": "Streamail APP SP [6]",
        "impressions_offered": "593036"
      },
      {
        "appSiteId": "StreamRail SET2 APP VAST [3.5]",
        "impressions_offered": "580599"
      },
      {
        "appSiteId": "Streamail APP SP [4.5]",
        "impressions_offered": "579220"
      },
      {
        "appSiteId": "Streamail APP SP [6.5]",
        "impressions_offered": "563484"
      },
      {
        "appSiteId": "DSNRMG_New_MW_VAST_$3_1",
        "impressions_offered": "555702"
      },
      {
        "appSiteId": "Divisiond_New_APP_$2.5",
        "impressions_offered": "552804"
      },
      {
        "appSiteId": "Streamail APP SP [5.5]",
        "impressions_offered": "552293"
      },
      {
        "appSiteId": "StreamRail SET2 APP VAST [3]",
        "impressions_offered": "546581"
      },
      {
        "appSiteId": "StreamRail APP VAST [3]",
        "impressions_offered": "519026"
      },
      {
        "appSiteId": "Streamail APP SP [4]",
        "impressions_offered": "514967"
      },
      {
        "appSiteId": "Streamail APP SP [3]",
        "impressions_offered": "471149"
      }
    ]
  }
}
